activitat_id,activitat,aula_id,startdate,duedate,grade
3,Problema 1.1 - Hello world!!!,87,0,0,100
4,Problema 1.2 - Hello world!!! ++,87,0,0,100
5,Problema 3a.1: C�lcul edat,87,0,0,100
6,Problema 3a.8: Conversi� d�lars a euros,87,0,0,100
7,Problema 3a.11: Mitjana de notes,87,0,0,100
8,Problema 3a.13: Conversi� Celsius a Fahrenheit,87,0,0,100
9,Problema 3a.15: Expressions aritm�tiques amb divisions,87,0,0,100
10,Problema 3a.17: Unitats de miler,87,0,0,100
11,Problema 3a.2: Operadors relacionals,87,0,0,100
12,Problema 3a.3: Operadors l�gics,87,0,0,100
13,Problema 3a.4: Operadors l�gics (II),87,0,0,100
14,"Problema 3a.18: Nom, cognom i edat",87,0,0,100
15,Problema 3a.20: Car�cters i codi ASCII,87,0,0,100
16,Problema 3a.21: Expressions l�giques,87,0,0,100
17,(OPCIONAL) Problema 3b.1: �s de l'interval?,87,0,0,100
18,Problema 3b.2: Sumar un segon,87,0,0,100
19,Problema 3b.10: Edat de treballar,87,0,0,100
20,Problema 3b.12: Ordenar dos nombres,87,0,0,100
21,(OPCIONAL) Problema 3b.3: Positiu o negatiu?,87,0,0,100
22,Problema 3b.4: Vocal o Consonant?,87,0,0,100
23,Problema 3b.14: Menor o major d'edat,87,0,0,100
24,Problema 3b.17: Any de trasp�s,87,0,0,100
25,"Problema 3b.5: Positiu, negatiu o zero?",87,0,0,100
26,Problema 3b.6: C�lcul Salari,87,0,0,100
27,Problema 3b.19: Edat i treball,87,0,0,100
28,(OPCIONAL) Problema 3b.20: Iguals o diferents?,87,0,0,100
29,Problema 3b.22: C�lcul del preu final,87,0,0,100
30,Problema 3b.25: Nota acta,87,0,0,100
31,Problema 3b.27: El m�s gran de quatre n�meros,87,0,0,100
32,Problema 3b.7: Men� de tasques,87,0,0,100
33,(OPCIONAL) Problema 3b.8: Vocal o consonant? (versi� 2),87,0,0,100
34,Problema 3b.31: Canvi de divises,87,0,0,100
35,(OPCIONAL) Problema 3b.33: Zod�ac xin�s,87,0,0,100
36,Problema 3b.35: Morse,87,0,0,100
37,Problema 3b.36: Data correcta,87,0,0,100
38,Problema 3b.37: Calculadora,87,0,0,100
39,Problema 3c.1: Sumatori dels 10 primers valors enters,87,0,0,100
40,(OPCIONAL) Problema 3c.2: Sumatori d'un nombre (while),87,0,0,100
41,Problema 3c.8: Mitjana d'una seq��ncia,87,0,0,100
42,(OPCIONAL) Problema 3c.10: Seq��ncia de senars?,87,0,0,100
43,Problema 3c.12: M�xim i m�nim d'una seq��ncia,87,0,0,100
44,Problema 3c.14: Rellotge digital,87,0,0,100
45,(OPCIONAL) Problema 3c.16: Estad�stica de notes,87,0,0,100
46,Problema 3c.17: Calculadora multi-operaci�,87,0,0,100
47,Problema 3c.19: �s primer?,87,0,0,100
48,(OPCIONAL) Problema 3c.3: Sumatori dels 10 primers valors enters,87,0,0,100
49,Problema 3c.4: Sumatori d'un nombre (for),87,0,0,100
50,Problema 3c.22: S�ries num�riques,87,0,0,100
51,Problema 3c.24: Pot�ncies de 2 fins 2^N,87,0,0,100
52,Problema 3c.25: Positius i negatius,87,0,0,100
53,"Problema 3c.27: Suma, producte i mitjana",87,0,0,100
54,Problema 4.1: Hashtags,87,0,0,100
55,Problema 4.2: Canvi del format d'una data,87,0,0,100
56,Problema 4.7: Subcadenes,87,0,0,100
57,Problema 4.10: Cadena modificada,87,0,0,100
58,(OPCIONAL) Problema 4.11: Zod�ac xin�s,87,0,0,100
59,Problema 4.13: Dies de la setmana,87,0,0,100
60,Problema 4.3: El sed�s d'Erat�stenes,87,0,0,100
61,Problema 4.14: Llistes d'aprovats i suspesos,87,0,0,100
62,(OPCIONAL) Problema 4.16: Partici� de llista,87,0,0,100
63,Problema 4.17: Men� d'operacions sobre llistes,87,0,0,100
64,(OPCIONAL) Problema 4.18: Llista de llistes,87,0,0,100
65,Problema 4.4: Comptar vocals en un string,87,0,0,100
66,Problema 4.5: Hi ha parells?,87,0,0,100
67,Problema 4.20: Substituir negatius,87,0,0,100
68,Problema 4.21: Maj�scules,87,0,0,100
69,(OPCIONAL) Problema 4.23: Edat de comen�ar a caminar,87,0,0,100
70,(OPCIONAL) Problema 4.25: M�xim d'una llista,87,0,0,100
71,Problema 4.27: Estad�stica de temperatures,87,0,0,100
72,Problema 4.28: Histograma de vocals,87,0,0,100
73,(OPCIONAL) Problema 4.30: Hi ha espais?,87,0,0,100
74,(OPCIONAL) Problema 4.32: Vector de nombres senars,87,0,0,100
75,Problema 4.35: Llista ordenada creixent,87,0,0,100
76,Problema 4.37: Llista amb suma acumulada de 25?,87,0,0,100
77,Problema 4.38: Comparaci� de llistes,87,0,0,100
78,(OPCIONAL) Problema 4.39: PrimerDiferent,87,0,0,100
79,Problema 4.40: Palindrom,87,0,0,100
80,Problema 4.41: Password correcte,87,0,0,100
81,Problema 4.42: El joc del penjat,87,0,0,100
82,Problema 5.1: C�lcul de combinacions,87,0,0,100
83,Problema 5.2: Sumar un segon (funcions),87,0,0,100
84,Problema 5.7: Centenes d'un nombre,87,0,0,100
85,(OPCIONAL) Problema 5.9: Pot�ncia d'un nombre,87,0,0,100
86,Problema 5.13: S�rie de Fibonacci,87,0,0,100
87,Problema 5.21: Divisi� amb sumes i restes (quocient i residu),87,0,0,100
88,(OPCIONAL) Problema 5.23: Funci� m�xim i m�nim,87,0,0,100
89,Problema 5.26: Equacions quadr�tiques,87,0,0,100
90,Problema 5.27: �rea de figures,87,0,0,100
91,Problema 5.3: Alerta,87,0,0,100
92,Problema 5.15: Men� calculadora,87,0,0,100
93,(OPCIONAL) Problema 5.17: Pot�ncies,87,0,0,100
94,Problema 5.4: Temps d'execuci�,87,0,0,100
95,Problema 5.30: Suma de llistes,87,0,0,100
96,Problema 5.32: Llibreria de llistes,87,0,0,100
97,(OPCIONAL) Problema 5.33: Estad�stica temperatures (modular),87,0,0,100
98,Problema 5.34: Histograma de temperatures,87,0,0,100
99,(OPCIONAL) Problema 5.36: OrdenadaDecreixent,87,0,0,100
100,(OPCIONAL) Problema 5.38: BuscarPosicio,87,0,0,100
101,(OPCIONAL) Problema 5.39: LlistaInversa,87,0,0,100
102,Problema 5.42: OrdenarLlista,87,0,0,100
103,Problema 6.1: Escriure / Llegir fitxer,87,0,0,100
104,Problema 6.2: Escriure fitxer mode 'afegir',87,0,0,100
105,Problema 6.3: seek and tell,87,0,0,100
106,Problema 6.5: Lectura l�nea a l�nea de text,87,0,0,100
107,(OPCIONAL) Problema 6.7: Lectura de valors num�rics,87,0,0,100
108,Problema 6.9: Lectura de dades estructurades,87,0,0,100
109,(OPCIONAL) Problema 6.11: Escriptura taula de multiplicar,87,0,0,100
110,Problema 6.13: Afegir dades a un fitxer amb format,87,0,0,100
111,Problema 6.16: Codificar fitxer,87,0,0,100
112,Problema 6.18: Buscar dades en fitxer,87,0,0,100
113,Problema 7.1: Calculadora amb control d'errors,87,0,0,100
114,Problema 7.2: KelvinToFahrenheit,87,0,0,100
115,Problema 7.3: Operador d'strings,87,0,0,100
116,Problema 7.4: Lectura de fitxer,87,0,0,100
117,Problema 7.5: �rea i per�metre circumfer�ncia,87,0,0,100
118,Problema 8.1: Classe Fraccio,87,0,0,100
119,Problema 8.4: Classe Equip,87,0,0,100
120,Problema 8.5: Classe Point,87,0,0,100
121,Problema 8.6: Classe Rectangle,87,0,0,100
122,Problema 8.7: Classe Estudiant,87,0,0,100
123,Problema 8.2: Comptes bancaris,87,0,0,100
124, Problema 8.11: Point2D i Point3D,87,0,0,100
125,Problema 8.12: Comunitat Universitaria,87,0,0,100
126,Problema 8.13: Poligon,87,0,0,100
127, Problema 8.14: Baralla de cartes,87,0,0,100
128,Problema 9.1: Lyrics2list,87,0,0,100
129,Problema 9.2: Anagrama,87,0,0,100
130,Problema 9.3: Paradoxa de l'aniversari,87,0,0,100
131,Problema 9.5: Bisecci�,87,0,0,100
132,Problema 9.6: Parelles inverses,87,0,0,100
133,(OPCIONAL) Problema 9.8: Bubble Sort,87,0,0,100
134,(OPCIONAL) Problema 9.9: Llistes circularment identiques,87,0,0,100
135,Problema 9.11: IBEX,87,0,0,100
136,(OPCIONAL) Problema 9.12 Persones,87,0,0,100
137,Problema 9.13: Estad�stica de temperatures,87,0,0,100
138,Problema 9.15 Fibonacci,87,0,0,100
139,(OPCIONAL) Problema 9.16 Repetici�,87,0,0,100
140,Problema 9.17 Cicle,87,0,0,100
141,Problema 9.18 Majuscules,87,0,0,100
142,Problema 9.19 Notes,87,0,0,100
143,(OPCIONAL) Problema 9.21 Circumf�rencia,87,0,0,100
144,Problema 9.22 Palindrom,87,0,0,100
145,Problema 9.23 Majuscules,87,0,0,100
147,Problema 9.35: Paraules �niques,87,0,0,100
148,Problema 9.36: Ni si ni no ni blanc ni negre,87,0,0,100
149,(OPCIONAL) Problema 9.37: Corrector ortogr�fic,87,0,0,100
150,Problema 9.38: Freq��ncia d'una paraula,87,0,0,100
151,Problema 9.39: Escrutini,87,0,0,100
152,(OPCIONAL) Problema 9.40: Pa�sos,87,0,0,100
153,Problema 9.41: Clients,87,0,0,100
154,Problema 9.46: Morse,87,0,0,100
155,Problema 9.48: Crear Index,87,0,0,100
156,"Entrega Practica 1: Rock, Paper, Scissors, Lizard, Spock",87,1666083300,1675810500,100
165,"Lliurament Practica 1: Rock, Paper, Scissors, Lizard, Spock",87,1666686600,1667602500,100
167,Lliurament Pr�ctica 2: Hotels,87,0,1671749700,100
362,Problema 1.1 - Hello world!!!,92,0,0,100
363,Problema 1.2 - Hello world!!! ++,92,0,0,100
366,Problema 3a.1: C�lcul edat,92,0,0,100
367,Problema 3a.8: Conversi� d�lars a euros,92,0,0,100
368,Problema 3a.11: Mitjana de notes,92,0,0,100
369,Problema 3a.13: Conversi� Celsius a Fahrenheit,92,0,0,100
370,Problema 3a.15: Expressions aritm�tiques amb divisions,92,0,0,100
371,Problema 3a.17: Unitats de miler,92,0,0,100
372,Problema 3a.2: Expressions booleanes,92,0,0,100
373,Problema 3a.3: Operadors l�gics,92,0,0,100
374,Problema 3a.4: Operadors l�gics (II),92,0,0,100
375,Problema 3a.18: Inicials nom i cognom,92,0,0,100
376,Problema 3a.20: Car�cters i codi ASCII,92,0,0,100
377,Problema 3a.21: Expressions l�giques,92,0,0,100
378,(OPCIONAL) Problema 3b.1: �s de l'interval?,92,0,0,100
379,Problema 3b.2: Sumar un segon,92,0,0,100
380,Problema 3b.10: Edat de treballar,92,0,0,100
381,Problema 3b.12: Ordenar dos nombres,92,0,0,100
382,(OPCIONAL) Problema 3b.3: Positiu o negatiu?,92,0,0,100
383,Problema 3b.4: Vocal o Consonant?,92,0,0,100
384,Problema 3b.14: Menor o major d'edat,92,0,0,100
385,Problema 3b.17: Any de trasp�s,92,0,0,100
386,"Problema 3b.5: Positiu, negatiu o zero?",92,0,0,100
387,Problema 3b.6: C�lcul Salari,92,0,0,100
388,Problema 3b.19: Edat i treball,92,0,0,100
389,(OPCIONAL) Problema 3b.20: Iguals o diferents?,92,0,0,100
390,Problema 3b.22: C�lcul del preu final,92,0,0,100
391,Problema 3b.25: Nota acta,92,0,0,100
392,Problema 3b.27: El m�s gran de quatre n�meros,92,0,0,100
393,Problema 3b.7: Men� de tasques,92,0,0,100
394,(OPCIONAL) Problema 3b.8: Vocal o consonant? (versi� 2),92,0,0,100
395,Problema 3b.31: Canvi de divises,92,0,0,100
396,(OPCIONAL) Problema 3b.33: Zod�ac xin�s,92,0,0,100
397,Problema 3b.35: Morse,92,0,0,100
398,Problema 3b.36: Data correcta,92,0,0,100
399,(OPCIONAL) Problema 3b.37: Calculadora,92,0,0,100
400,Problema 3c.1: Sumatori dels 10 primers valors enters,92,0,0,100
401,(OPCIONAL) Problema 3c.2: Sumatori d'un nombre (do-while),92,0,0,100
402,Problema 3c.8: Mitjana d'una seq��ncia,92,0,0,100
403,Problema 3c.10: Seq��ncia de senars?,92,0,0,100
404,Problema 3c.12: Rellotge digital,92,0,0,100
405,Problema 3c.15: Calculadora multi-operaci�,92,0,0,100
406,(OPCIONAL) Problema 3c.3: Sumatori dels 10 primers valors enters,92,0,0,100
407,Problema 3c.4: Sumatori d'un nombre (while),92,0,0,100
408,Problema 3c.17: Mitjana d'una seq��ncia (while),92,0,0,100
409,(OPCIONAL) Problema 3c.19: Seq��ncia de senars? (while),92,0,0,100
410,Problema 3c.20: M�xim i m�nim d'una seq��ncia,92,0,0,100
411,(OPCIONAL) Problema 3c.22: Estad�stica de notes,92,0,0,100
412,Problema 3c.23: �s primer?,92,0,0,100
413,(OPCIONAL) Problema 3c.5: Sumatori dels 10 primers valors enters,92,0,0,100
414,Problema 3c.6: Sumatori d'un nombre (for),92,0,0,100
415,Problema 3c.26: S�ries num�riques,92,0,0,100
416,Problema 3c.28: Positius i negatius,92,0,0,100
417,"Problema 3c.30: Suma, producte i mitjana",92,0,0,100
418,Problema 3c.32: Pot�ncies de 2 menors que N,92,0,0,100
419,Problema 3c.16: Endevina un n�mero,92,0,0,100
420,Problema 4.1: C�lcul de permutacions,92,0,0,100
421,Problema 4.2: Valor aleatori,92,0,0,100
422,(OPCIONAL) Problema 4.7: Centenes d'un nombre,92,0,0,100
423,Problema 4.9: Pot�ncia d'un nombre,92,0,0,100
424,Problema 4.11: Divisi� amb sumes i restes,92,0,0,100
425,Problema 4.13: S�rie de Fibonacci,92,0,0,100
426,(OPCIONAL) Problema 4.3: Alerta,92,0,0,100
427,Problema 4.4: Dues xifres,92,0,0,100
428,Problema 4.15: Men� calculadora,92,0,0,100
429,Problema 4.17: Pot�ncies,92,0,0,100
430,Problema 4.5: Divisi� entera,92,0,0,100
431,Problema 4.6: Actualitzar hora,92,0,0,100
432,(OPCIONAL) Problema: swap,92,0,0,100
433,Problema 4.21: Divisi� amb sumes i restes (quocient i residu),92,0,0,100
434,(OPCIONAL) Problema 4.23: Funci� m�xim i m�nim,92,0,0,100
435,(OPCIONAL) Problema 4.24: Coordenades polars d'un punt,92,0,0,100
436,Problema 4.26: Equacions quadr�tiques,92,0,0,100
438,Problema 4.27: �rea de figures,92,0,0,100
439,Problema 4.28: Moviment d'un punt en la pantalla,92,0,0,100
440,Problema 5a.1: Declarar array unidimensional,92,0,0,100
441,Problema 5a.2: Inicialitzar un array,92,0,0,100
442,Problema 5a.3: Nombre d'aprovats,92,0,0,100
443,Problema 5a.7: Declaraci� i inicialitzaci� d'arrays,92,0,0,100
444,Problema 5a.8: Substituir negatius,92,0,0,100
445,(OPCIONAL) Problema 5a.10: Edat de comen�ar a caminar,92,0,0,100
446,Problema 5a.12: M�xim d'un vector,92,0,0,100
447,Problema 5a.14: Estad�stica de temperatures,92,0,0,100
448,Problema 5a.4: Omplir array o acabar amb el zero,92,0,0,100
449,Problema 5a.5: Vector ordenat en ordre creixent,92,0,0,100
450,Problema 5a.15: Vector de nombres senars,92,0,0,100
451,Problema 5a.17: Vector amb suma acumulada de 25?,92,0,0,100
452,Problema 5a.19: Comparaci� d'arrays,92,0,0,100
453,Problema 5a.6: Suma de vectors,92,0,0,100
454,Problema 5a.20: Llibreria vectors.h,92,0,0,100
455,Problema 5a.21: Llibreria vectors.h (2� part),92,0,0,100
456,(OPCIONAL) Problema 5a.22: Estad�stica temperatures (modular),92,0,0,100
457,Problema 5a.24: Histograma de temperatures,92,0,0,100
458,Problema 5a.26: OrdenatDecreixent,92,0,0,100
459,Problema 5a.28: BuscarPosicio,92,0,0,100
460,Problema 5a.29: InversArray,92,0,0,100
461,(OPCIONAL) Problema 5a.32: OrdenarVector,92,0,0,100
462,Problema 5b.1: Introducci� als strings,92,0,0,100
463,Problema 5b.2: Comparar cadenes,92,0,0,100
464,(OPCIONAL) Problema 5b.4: Bon dia,92,0,0,100
465,Problema 5b.7: TrobarCaracter,92,0,0,100
466,Problema 5b.8: Majuscules,92,0,0,100
467,Problema 5b.10: Palindrom,92,0,0,100
468,Problema 5b.17: PrimerDiferent,92,0,0,100
469,Problema 5c.1: Diagonal d'una matriu,92,0,0,100
470,Problema 5c.2: Suma de matrius,92,0,0,100
471,Problema 5c.3: Inicialitzaci� de matrius,92,0,0,100
472,Problema 5c.4: Llibreria matrius.h,92,0,0,100
473,Problema 5c.6: SumaValorsMatriu,92,0,0,100
474,Problema 5c.9: SimetricaMatriu,92,0,0,100
475,Problema 5c.15: ProducteMatrius,92,0,0,100
476,Problema 5d.1: Creaci� TipusAlumne,92,0,0,100
477,Problema 5d.3: Llibres preferits,92,0,0,100
478,Problema 5d.4: Equips de futbol,92,0,0,100
479,Problema 5d.2: Creaci� Array TipusAlumne,92,0,0,100
480,Problema 5d.7: Tipus Poligon,92,0,0,100
481,Problema 5d.8: Classificaci� de futbol,92,0,0,100
485,Entrega Practica 1: Brain Training,92,1664872200,1665438900,100
486,Entrega Practica 1: Brain Training,92,1665048060,1665611700,100
487,RECUPERACI� Entrega Practica 1: Brain Training,92,0,1671199500,100
491,"Entrega Practica 2: Rock, Paper, Scissors, Lizard, Spock",92,1665469800,1666043700,100
492,"Entrega Practica 2: Rock, Paper, Scissors, Lizard, Spock",92,1665642600,1666216500,100
493,"RECUPERACI� Entrega Practica 2: Rock, Paper, Scissors, Lizard, Spock",92,0,1671192300,100
494,Entrega Practica 3 - 4: MasterMind,92,1666081440,1667256900,100
495,Entrega Practica 3 - 4: MasterMind,92,1666253400,1667429700,100
496,RECUPERACI� Entrega Practica 3 - 4: MasterMind,92,0,1671192300,100
500,Entrega Pr�ctica 5: BlackJack,92,1667891700,1668466500,100
501,Entrega Pr�ctica 5: BlackJack,92,1668063900,1668639300,100
502,RECUPERACI� Entrega Pr�ctica 5: BlackJack,92,0,1671192300,100
1652,RECUPERACIO - Lliurament Pr�ctica 2: Hotels,87,0,1676069700,100
2221,"RECUPERACI�:  Practica 1: Rock, Paper, Scissors, Lizard, Spock",87,1675270800,1676242500,100
2373,Problema 1.1 - Hello world!!!,141,0,0,100
2374,Problema 1.2 - Hello world!!! ++,141,0,0,100
2375,Problema 3a.1: C�lcul edat,141,0,0,100
2376,Problema 3a.8: Conversi� d�lars a euros,141,0,0,100
2377,Problema 3a.11: Mitjana de notes,141,0,0,100
2378,Problema 3a.13: Conversi� Celsius a Fahrenheit,141,0,0,100
2379,Problema 3a.15: Expressions aritm�tiques amb divisions,141,0,0,100
2380,Problema 3a.17: Unitats de miler,141,0,0,100
2381,Problema 3a.2: Operadors relacionals,141,0,0,100
2382,Problema 3a.3: Operadors l�gics,141,0,0,100
2383,Problema 3a.4: Operadors l�gics (II),141,0,0,100
2384,"Problema 3a.18: Nom, cognom i edat",141,0,0,100
2385,Problema 3a.20: Car�cters i codi ASCII,141,0,0,100
2386,Problema 3a.21: Expressions l�giques,141,0,0,100
2387,(OPCIONAL) Problema 3b.1: �s de l'interval?,141,0,0,100
2388,Problema 3b.2: Sumar un segon,141,0,0,100
2389,Problema 3b.10: Edat de treballar,141,0,0,100
2390,Problema 3b.12: Ordenar dos nombres,141,0,0,100
2391,(OPCIONAL) Problema 3b.3: Positiu o negatiu?,141,0,0,100
2392,Problema 3b.4: Vocal o Consonant?,141,0,0,100
2393,Problema 3b.14: Menor o major d'edat,141,0,0,100
2394,Problema 3b.17: Any de trasp�s,141,0,0,100
2395,"Problema 3b.5: Positiu, negatiu o zero?",141,0,0,100
2396,Problema 3b.6: C�lcul Salari,141,0,0,100
2397,Problema 3b.19: Edat i treball,141,0,0,100
2398,(OPCIONAL) Problema 3b.20: Iguals o diferents?,141,0,0,100
2399,Problema 3b.22: C�lcul del preu final,141,0,0,100
2400,Problema 3b.25: Nota acta,141,0,0,100
2401,Problema 3b.27: El m�s gran de quatre n�meros,141,0,0,100
2402,Problema 3b.7: Men� de tasques,141,0,0,100
2403,(OPCIONAL) Problema 3b.8: Vocal o consonant? (versi� 2),141,0,0,100
2404,Problema 3b.31: Canvi de divises,141,0,0,100
2405,(OPCIONAL) Problema 3b.33: Zod�ac xin�s,141,0,0,100
2406,Problema 3b.35: Morse,141,0,0,100
2407,Problema 3b.36: Data correcta,141,0,0,100
2408,Problema 3b.37: Calculadora,141,0,0,100
2409,Problema 3c.1: Sumatori dels 10 primers valors enters,141,0,0,100
2410,(OPCIONAL) Problema 3c.2: Sumatori d'un nombre (while),141,0,0,100
2411,Problema 3c.8: Mitjana d'una seq��ncia,141,0,0,100
2412,(OPCIONAL) Problema 3c.10: Seq��ncia de senars?,141,0,0,100
2413,Problema 3c.12: M�xim i m�nim d'una seq��ncia,141,0,0,100
2414,Problema 3c.14: Rellotge digital,141,0,0,100
2415,(OPCIONAL) Problema 3c.16: Estad�stica de notes,141,0,0,100
2416,Problema 3c.17: Calculadora multi-operaci�,141,0,0,100
2417,Problema 3c.19: �s primer?,141,0,0,100
2418,(OPCIONAL) Problema 3c.3: Sumatori dels 10 primers valors enters,141,0,0,100
2419,Problema 3c.4: Sumatori d'un nombre (for),141,0,0,100
2420,Problema 3c.22: S�ries num�riques,141,0,0,100
2421,Problema 3c.24: Pot�ncies de 2 fins 2^N,141,0,0,100
2422,Problema 3c.25: Positius i negatius,141,0,0,100
2423,"Problema 3c.27: Suma, producte i mitjana",141,0,0,100
2424,Problema 4.1: Hashtags,141,0,0,100
2425,Problema 4.2: Canvi del format d'una data,141,0,0,100
2426,Problema 4.7: Subcadenes,141,0,0,100
2427,Problema 4.10: Cadena modificada,141,0,0,100
2428,(OPCIONAL) Problema 4.11: Zod�ac xin�s,141,0,0,100
2429,Problema 4.13: Dies de la setmana,141,0,0,100
2430,Problema 4.3: El sed�s d'Erat�stenes,141,0,0,100
2431,Problema 4.14: Llistes d'aprovats i suspesos,141,0,0,100
2432,(OPCIONAL) Problema 4.16: Partici� de llista,141,0,0,100
2433,Problema 4.17: Men� d'operacions sobre llistes,141,0,0,100
2434,(OPCIONAL) Problema 4.18: Llista de llistes,141,0,0,100
2435,Problema 4.4: Comptar vocals en un string,141,0,0,100
2436,Problema 4.5: Hi ha parells?,141,0,0,100
2437,Problema 4.20: Substituir negatius,141,0,0,100
2438,Problema 4.21: Maj�scules,141,0,0,100
2439,(OPCIONAL) Problema 4.23: Edat de comen�ar a caminar,141,0,0,100
2440,(OPCIONAL) Problema 4.25: M�xim d'una llista,141,0,0,100
2441,Problema 4.27: Estad�stica de temperatures,141,0,0,100
2442,Problema 4.28: Histograma de vocals,141,0,0,100
2443,(OPCIONAL) Problema 4.30: Hi ha espais?,141,0,0,100
2444,(OPCIONAL) Problema 4.32: Vector de nombres senars,141,0,0,100
2445,Problema 4.35: Llista ordenada creixent,141,0,0,100
2446,Problema 4.37: Llista amb suma acumulada de 25?,141,0,0,100
2447,Problema 4.38: Comparaci� de llistes,141,0,0,100
2448,(OPCIONAL) Problema 4.39: PrimerDiferent,141,0,0,100
2449,Problema 4.40: Palindrom,141,0,0,100
2450,Problema 4.41: Password correcte,141,0,0,100
2451,Problema 4.42: El joc del penjat,141,0,0,100
2452,Problema 5.1: C�lcul de combinacions,141,0,0,100
2453,Problema 5.2: Sumar un segon (funcions),141,0,0,100
2454,Problema 5.7: Centenes d'un nombre,141,0,0,100
2455,(OPCIONAL) Problema 5.9: Pot�ncia d'un nombre,141,0,0,100
2456,Problema 5.13: S�rie de Fibonacci,141,0,0,100
2457,Problema 5.21: Divisi� amb sumes i restes (quocient i residu),141,0,0,100
2458,(OPCIONAL) Problema 5.23: Funci� m�xim i m�nim,141,0,0,100
2459,Problema 5.26: Equacions quadr�tiques,141,0,0,100
2460,Problema 5.27: �rea de figures,141,0,0,100
2461,Problema 5.3: Alerta,141,0,0,100
2462,Problema 5.15: Men� calculadora,141,0,0,100
2463,(OPCIONAL) Problema 5.17: Pot�ncies,141,0,0,100
2464,Problema 5.4: Temps d'execuci�,141,0,0,100
2465,Problema 5.30: Suma de llistes,141,0,0,100
2466,Problema 5.32: Llibreria de llistes,141,0,0,100
2467,(OPCIONAL) Problema 5.33: Estad�stica temperatures (modular),141,0,0,100
2468,Problema 5.34: Histograma de temperatures,141,0,0,100
2469,(OPCIONAL) Problema 5.36: OrdenadaDecreixent,141,0,0,100
2470,(OPCIONAL) Problema 5.38: BuscarPosicio,141,0,0,100
2471,(OPCIONAL) Problema 5.39: LlistaInversa,141,0,0,100
2472,Problema 5.42: OrdenarLlista,141,0,0,100
2473,Problema 6.1: Escriure / Llegir fitxer,141,0,0,100
2474,Problema 6.2: Escriure fitxer mode 'afegir',141,0,0,100
2475,Problema 6.3: seek and tell,141,0,0,100
2476,Problema 6.5: Lectura l�nea a l�nea de text,141,0,0,100
2477,(OPCIONAL) Problema 6.7: Lectura de valors num�rics,141,0,0,100
2478,Problema 6.9: Lectura de dades estructurades,141,0,0,100
2479,(OPCIONAL) Problema 6.11: Escriptura taula de multiplicar,141,0,0,100
2480,Problema 6.13: Afegir dades a un fitxer amb format,141,0,0,100
2481,Problema 6.16: Codificar fitxer,141,0,0,100
2482,Problema 6.18: Buscar dades en fitxer,141,0,0,100
2483,Problema 7.1: Calculadora amb control d'errors,141,0,0,100
2484,Problema 7.2: KelvinToFahrenheit,141,0,0,100
2485,Problema 7.3: Operador d'strings,141,0,0,100
2486,Problema 7.4: Lectura de fitxer,141,0,0,100
2487,Problema 7.5: �rea i per�metre circumfer�ncia,141,0,0,100
2488,Problema 8.1: Classe Fraccio,141,0,0,100
2489,Problema 8.4: Classe Equip,141,0,0,100
2490,Problema 8.5: Classe Point,141,0,0,100
2491,Problema 8.6: Classe Rectangle,141,0,0,100
2492,Problema 8.7: Classe Estudiant,141,0,0,100
2493,Problema 8.2: Comptes bancaris,141,0,0,100
2494, Problema 8.11: Point2D i Point3D,141,0,0,100
2495,Problema 8.12: Comunitat Universitaria,141,0,0,100
2496,Problema 8.13: Poligon,141,0,0,100
2497,Problema 8.14: Baralla de cartes,141,0,0,100
2498,Problema 9.1: Lyrics2list,141,0,0,100
2499,Problema 9.2: Anagrama,141,0,0,100
2500,Problema 9.3: Paradoxa de l'aniversari,141,0,0,100
2501,Problema 9.5: Bisecci�,141,0,0,100
2502,Problema 9.6: Parelles inverses,141,0,0,100
2503,(OPCIONAL) Problema 9.8: Bubble Sort,141,0,0,100
2504,(OPCIONAL) Problema 9.9: Llistes circularment identiques,141,0,0,100
2505,Problema 9.11: IBEX,141,0,0,100
2506,(OPCIONAL) Problema 9.12 Persones,141,0,0,100
2507,Problema 9.13: Estad�stica de temperatures,141,0,0,100
2508,Problema 9.15 Fibonacci,141,0,0,100
2509,(OPCIONAL) Problema 9.16 Repetici�,141,0,0,100
2510,Problema 9.17 Cicle,141,0,0,100
2511,Problema 9.18 Majuscules,141,0,0,100
2512,Problema 9.19 Notes,141,0,0,100
2513,(OPCIONAL) Problema 9.21 Circumf�rencia,141,0,0,100
2514,Problema 9.22 Palindrom,141,0,0,100
2515,Problema 9.23 Majuscules,141,0,0,100
2516,(OPCIONAL) Problema 9.31 Suma de matrius,141,0,0,100
2517,Problema 9.35: Paraules �niques,141,0,0,100
2518,"Problema 9.36: Ni s�, ni no, ni blanc, ni negre",141,0,0,100
2519,(OPCIONAL) Problema 9.37: Corrector ortogr�fic,141,0,0,100
2520,Problema 9.38: Freq��ncia d'una paraula,141,0,0,100
2521,Problema 9.39: Escrutini,141,0,0,100
2522,(OPCIONAL) Problema 9.40: Pa�sos,141,0,0,100
2523,Problema 9.41: Clients,141,0,0,100
2524,Problema 9.46: Morse,141,0,0,100
2525,Problema 9.48: Crear Index,141,0,0,100
2526,"Lliurament Pr�ctica 1: Rock, Paper, Scissors, Lizard, Spock",141,1698217200,1699052100,100
2527,"RECUPERACI�  Pr�ctica 1: Rock, Paper, Scissors, Lizard, Spock",141,0,1707173700,100
2528,Lliurament Pr�ctica 2: Funcionament,141,0,1707173700,100
2529,Lliurament Pr�ctica 2: Classes,141,0,1707173700,100
2536,"Lliurament Pr�ctica 1: Rock, Paper, Scissors, Lizard, Spock",141,1698309000,1699052100,100
2537,"RECUPERACIO - Lliurament Pr�ctica 1: Rock, Paper, Scissors, Lizard, Spock",141,0,1706568900,100
2586,Problema 1.1 - Hello world!!!,143,0,1701009420,100
2587,Problema 1.2 - Hello world!!! ++,143,0,0,100
2590,Problema 3a.1: C�lcul edat,143,0,0,100
2591,Problema 3a.8: Conversi� d�lars a euros,143,0,0,100
2592,Problema 3a.11: Mitjana de notes,143,0,0,100
2593,Problema 3a.13: Conversi� Celsius a Fahrenheit,143,0,0,100
2594,Problema 3a.15: Expressions aritm�tiques amb divisions,143,0,0,100
2595,Problema 3a.17: Unitats de miler,143,0,0,100
2596,Problema 3a.2: Expressions booleanes,143,0,0,100
2597,Problema 3a.3: Operadors l�gics,143,0,0,100
2598,Problema 3a.4: Operadors l�gics (II),143,0,0,100
2599,Problema 3a.18: Inicials nom i cognom,143,0,0,100
2600,Problema 3a.20: Car�cters i codi ASCII,143,0,0,100
2601,Problema 3a.21: Expressions l�giques,143,0,0,100
2602,(OPCIONAL) Problema 3b.1: �s de l'interval?,143,0,0,100
2603,Problema 3b.2: Sumar un segon,143,0,0,100
2604,Problema 3b.10: Edat de treballar,143,0,0,100
2605,Problema 3b.12: Ordenar dos nombres,143,0,0,100
2606,(OPCIONAL) Problema 3b.3: Positiu o negatiu?,143,0,0,100
2607,Problema 3b.4: Vocal o Consonant?,143,0,0,100
2608,Problema 3b.14: Menor o major d'edat,143,0,0,100
2609,Problema 3b.17: Any de trasp�s,143,0,0,100
2610,"Problema 3b.5: Positiu, negatiu o zero?",143,0,0,100
2611,Problema 3b.6: C�lcul Salari,143,0,0,100
2612,Problema 3b.19: Edat i treball,143,0,0,100
2613,(OPCIONAL) Problema 3b.20: Iguals o diferents?,143,0,0,100
2614,Problema 3b.22: C�lcul del preu final,143,0,0,100
2615,Problema 3b.25: Nota acta,143,0,0,100
2616,Problema 3b.27: El m�s gran de quatre n�meros,143,0,0,100
2617,Problema 3b.7: Men� de tasques,143,0,0,100
2618,(OPCIONAL) Problema 3b.8: Vocal o consonant? (versi� 2),143,0,0,100
2619,Problema 3b.31: Canvi de divises,143,0,0,100
2620,(OPCIONAL) Problema 3b.33: Zod�ac xin�s,143,0,0,100
2621,Problema 3b.35: Morse,143,0,0,100
2622,Problema 3b.36: Data correcta,143,0,0,100
2623,(OPCIONAL) Problema 3b.37: Calculadora,143,0,0,100
2624,Problema 3c.1: Sumatori dels 10 primers valors enters,143,0,0,100
2625,(OPCIONAL) Problema 3c.2: Sumatori d'un nombre (do-while),143,0,0,100
2626,Problema 3c.8: Mitjana d'una seq��ncia,143,0,0,100
2627,Problema 3c.10: Seq��ncia de senars?,143,0,0,100
2628,Problema 3c.12: Rellotge digital,143,0,0,100
2629,Problema 3c.15: Calculadora multi-operaci�,143,0,0,100
2630,(OPCIONAL) Problema 3c.3: Sumatori dels 10 primers valors enters,143,0,0,100
2631,Problema 3c.4: Sumatori d'un nombre (while),143,0,0,100
2632,Problema 3c.17: Mitjana d'una seq��ncia (while),143,0,0,100
2633,(OPCIONAL) Problema 3c.19: Seq��ncia de senars? (while),143,0,0,100
2634,Problema 3c.20: M�xim i m�nim d'una seq��ncia,143,0,0,100
2635,(OPCIONAL) Problema 3c.22: Estad�stica de notes,143,0,0,100
2636,Problema 3c.23: �s primer?,143,0,0,100
2637,(OPCIONAL) Problema 3c.5: Sumatori dels 10 primers valors enters,143,0,0,100
2638,Problema 3c.6: Sumatori d'un nombre (for),143,0,0,100
2639,Problema 3c.26: S�ries num�riques,143,0,0,100
2640,Problema 3c.28: Positius i negatius,143,0,0,100
2641,"Problema 3c.30: Suma, producte i mitjana",143,0,0,100
2642,Problema 3c.32: Pot�ncies de 2 menors que N,143,0,0,100
2643,Problema 3c.16: Endevina un n�mero,143,0,0,100
2644,Problema 4.1: C�lcul de permutacions,143,0,0,100
2645,Problema 4.2: Valor aleatori,143,0,0,100
2646,(OPCIONAL) Problema 4.7: Centenes d'un nombre,143,0,0,100
2647,Problema 4.9: Pot�ncia d'un nombre,143,0,0,100
2648,Problema 4.11: Divisi� amb sumes i restes,143,0,0,100
2649,Problema 4.13: S�rie de Fibonacci,143,0,0,100
2650,(OPCIONAL) Problema 4.3: Alerta,143,0,0,100
2651,Problema 4.4: Dues xifres,143,0,0,100
2652,Problema 4.15: Men� calculadora,143,0,0,100
2653,Problema 4.17: Pot�ncies,143,0,0,100
2654,Problema 4.5: Divisi� entera,143,0,0,100
2655,Problema 4.6: Actualitzar hora,143,0,0,100
2656,(OPCIONAL) Problema: swap,143,0,0,100
2657,Problema 4.21: Divisi� amb sumes i restes (quocient i residu),143,0,0,100
2658,(OPCIONAL) Problema 4.23: Funci� m�xim i m�nim,143,0,0,100
2659,(OPCIONAL) Problema 4.24: Coordenades polars d'un punt,143,0,0,100
2660,Problema 4.26: Equacions quadr�tiques,143,0,0,100
2662,Problema 4.27: �rea de figures,143,0,0,100
2663,Problema 4.28: Moviment d'un punt en la pantalla,143,0,0,100
2664,Problema 5a.1: Declarar array unidimensional,143,0,0,100
2665,Problema 5a.2: Inicialitzar un array,143,0,0,100
2666,Problema 5a.3: Nombre d'aprovats,143,0,0,100
2667,Problema 5a.7: Declaraci� i inicialitzaci� d'arrays,143,0,0,100
2668,Problema 5a.8: Substituir negatius,143,0,0,100
2669,Problema 5a.8: Substituir negatius (c�pia),143,0,0,100
2670,(OPCIONAL) Problema 5a.10: Edat de comen�ar a caminar,143,0,0,100
2671,Problema 5a.12: M�xim d'un vector,143,0,0,100
2672,Problema 5a.14: Estad�stica de temperatures,143,0,0,100
2673,Problema 5a.4: Omplir array o acabar amb el zero,143,0,0,100
2674,Problema 5a.5: Vector ordenat en ordre creixent,143,0,0,100
2675,Problema 5a.15: Vector de nombres senars,143,0,0,100
2676,Problema 5a.17: Vector amb suma acumulada de 25?,143,0,0,100
2677,Problema 5a.19: Comparaci� d'arrays,143,0,0,100
2678,Problema 5a.6: Suma de vectors,143,0,0,100
2679,Problema 5a.20: Llibreria vectors.h,143,0,0,100
2680,Problema 5a.21: Llibreria vectors.h (2� part),143,0,0,100
2681,(OPCIONAL) Problema 5a.22: Estad�stica temperatures (modular),143,0,0,100
2682,Problema 5a.24: Histograma de temperatures,143,0,0,100
2683,Problema 5a.26: OrdenatDecreixent,143,0,0,100
2684,Problema 5a.28: BuscarPosicio,143,0,0,100
2685,Problema 5a.29: InversArray,143,0,0,100
2686,(OPCIONAL) Problema 5a.32: OrdenarVector,143,0,0,100
2687,Problema 5b.1: Introducci� als strings,143,0,0,100
2688,Problema 5b.2: Comparar cadenes,143,0,0,100
2689,(OPCIONAL) Problema 5b.4: Bon dia,143,0,0,100
2690,Problema 5b.7: TrobarCaracter,143,0,0,100
2691,Problema 5b.8: Majuscules,143,0,0,100
2692,Problema 5b.10: Palindrom,143,0,0,100
2693,Problema 5b.17: PrimerDiferent,143,0,0,100
2694,Problema 5c.1: Diagonal d'una matriu,143,0,0,100
2695,Problema 5c.2: Suma de matrius,143,0,0,100
2696,Problema 5c.3: Inicialitzaci� de matrius,143,0,0,100
2697,Problema 5c.4: Llibreria matrius.h,143,0,0,100
2698,Problema 5c.6: SumaValorsMatriu,143,0,0,100
2699,Problema 5c.9: SimetricaMatriu,143,0,0,100
2700,Problema 5c.15: ProducteMatrius,143,0,0,100
2701,Problema 5d.1: Creaci� TipusAlumne,143,0,0,100
2702,Problema 5d.3: Llibres preferits,143,0,0,100
2703,Problema 5d.4: Equips de futbol,143,0,0,100
2704,Problema 5d.2: Creaci� Array TipusAlumne,143,0,0,100
2705,Problema 5d.7: Tipus Poligon,143,0,0,100
2706,Problema 5d.8: Classificaci� de futbol,143,0,0,100
2707,Entrega Pr�ctica 1: Fox Rabbit,143,1696919400,1697579700,100
2708,Entrega Pr�ctica 1: Fox Rabbit,143,1696491000,1697061300,100
2709,RECUPERACI� Entrega Pr�ctica 1: Fox Rabbit,143,0,1702594740,100
2713,Entrega Pr�ctica 2: Duel de Pistolers,143,1697524200,1698098100,100
2714,Entrega Pr�ctica 2: Duel de Pistolers,143,1697697000,1698270900,100
2715,RECUPERACI� Entrega Pr�ctica 2: Duel de Pistolers,143,0,1702594740,100
2719,Entrega Pr�ctica 3 - 4: MasterMind,143,1698129000,1699311300,100
2720,Entrega Pr�ctica 3 - 4: MasterMind,143,1697783400,1699484100,100
2721,RECUPERACI� Entrega Pr�ctica 3 - 4: MasterMind,143,0,1702594740,100
2725,Entrega Pr�ctica 5: BlackJack,143,1699342200,1699916100,100
2726,Entrega Pr�ctica 5: BlackJack,143,1699515000,1700088900,100
2727,RECUPERACI� Entrega Pr�ctica 5: BlackJack,143,0,1702594740,100
3086,Exercici 1 (1 punt),143,0,1701122820,1
3087,Exercici 2 (1 punt),143,1698966000,1699311600,1
3088,Exercici 3 (1 punt),143,1698966000,1699311600,1
3089,Exercici 4 (1 punt),143,1698966000,1699311600,1
3090,Exercici 5 (1.25 punts),143,1698966000,1699311600,1
3091,Exercici 6 (3 punts),143,1698966000,1699311600,1
3092,Exercici 7 (0.75 punts),143,1698966000,1699311600,1
3093,Exercici 8 (1 punt),143,1698966000,1699311600,1
3096,Exercici 1 (1 punt),143,1699279200,1699286100,1
3097,Exercici 2 (1 punt),143,1699279200,1699286100,1
3098,Exercici 3 (1 punt),143,1699279200,1699286100,1
3099,Exercici 4 (1 punt),143,1699279200,1699286100,1
3100,Exercici 5 (1 punt),143,1699279200,1699286100,1
3102,Exercici 6 (3 punts),143,1699279200,1699286100,3
3103,Exercici 7 (1 punt),143,1699279200,1699286100,1
3104,Exercici 8 (1 punt),143,1699279200,1699286100,1
3105,Exercici 1 (1.5 punts),141,1698917400,1698924900,100
3108,Exercici 2 (1 punt),141,1698917400,1698924900,100
3109,Exercici 3 (1.5 punts),141,1698917400,1698924900,100
3110,Exercici 4 (1.5 punts),141,1698917400,1698924900,100
3111,Exercici 5 (1.5 punts),141,1698917400,1698924900,100
3112,Exercici 6 (3 punts),141,1698917400,1698924900,100
3117,Exercici 1 (1.25 punts),141,1699603200,1699610400,100
3118,Exercici 2 (1.25 punts),141,1699603200,1699610400,100
3119,Exercici 3 (1.25 punts),141,1699603200,1699610400,100
3120,Exercici 4 (1.25 punts),141,1699603200,1699610400,100
3121,Exercici 5 (1 punt),141,1699603200,1699610400,100
3122,Exercici 6 (1 punt),141,1699603200,1699610400,100
3124,Exercici 7 (3 punts),141,1699603200,1699610400,100
3130,Pr�ctica 2 (Hotels - 1): classes,141,0,0,100
3144,Pr�ctica 2: (Hotels) - 1: programa principal,141,0,0,100
3145,Pr�ctica 2 (Hotels - 1): funcions,141,0,0,100
3152,FP - Exercici MODEL 1 (XX punts),141,1705392000,1705399200,100
3154,Final FP - Exercici 1 (1 punt),141,1705392000,1705400100,100
3155,Final FP - Exercici 7 (2 punts),141,1705392000,1705400100,100
3156,Final FP - Exercici 2 (1 punt),141,1705392000,1705400100,100
3157,Final FP - Exercici 3 (1 punt),141,1705392000,1705400100,100
3158,Final FP - Exercici 4 (1 punt),141,1705392000,1705400100,100
3159,Final FP - Exercici 5 (1 punt),141,1705392000,1705400100,100
3160,Final FP - Exercici 6 (1 punt),141,1705392000,1705400100,100
3162,Final FP - Exercici 8 (2 punts),141,1705392000,1705400100,100
3163,Final IP - Exercici 1 (1 punt),141,1705478400,1705486200,100
3164,Final IP - Exercici 2 (1 punt),141,1705478400,1705486200,100
3165,Final IP - Exercici 3 (1 punt),141,1705478400,1705486200,100
3166,Final IP - Exercici 4 (1 punt),141,1705478400,1705486200,100
3167,Final IP - Exercici 5 (1 punt),141,1705478400,1705486200,100
3168,Final IP - Exercici 6 (1 punt),141,1705478400,1705486200,100
3169,Final IP - Exercici 7 (2 punts),141,1705478400,1705486200,100
3170,Final IP - Exercici 8 (2 punts),141,1705478400,1705486200,100
3171,Recuperaci� FP - Exercici 1  (1.5 punts),141,1706601600,1706608800,100
3178,Recuperaci� FP - Exercici 2  (1.5 punts),141,1706601600,1706608800,100
3179,Recuperaci� FP - Exercici 3  (1 punt),141,1706601600,1706608800,100
3181,Recuperaci� FP - Exercici 4 (1 punt),141,1706601600,1706608800,100
3182,Recuperaci� FP - Exercici 5 (1 punt),141,1706601600,1706608800,100
3183,Recuperaci� FP - Exercici 7  (2 punts),141,1706601600,1706608800,100
3184,Recuperaci� FP - Exercici 6  (2 punts),141,1706601600,1706608800,100
3185,Exercici 1 (1 punt),143,1706169600,1706175000,1
3186,Exercici 2 (1.5 punts),143,1706169600,1706175000,1
3196,Exercici 3 (1.5 punts),143,1706169600,1706175000,1
3197,Exercici 7 (1 punt),143,1706169600,1706175000,1
3200,Exercici 4 (1.5 punts),143,1706169600,1706175000,1
3201,Exercici 5 (3 punts),143,1706169600,1706175000,3
3203,Exercici 6 (0.5 punts),143,1706169600,1706175000,1
3315,Recuperaci� IP - Exercici 7  (2 punts),141,1707206400,1707214320,100
3316,Recuperaci� IP - Exercici 6  (2 punts),141,1707206400,1707214320,100
3317,Recuperaci� IP - Exercici 5 (1 punt),141,1707206400,1707214320,100
3318,Recuperaci� IP - Exercici 4 (1 punt),141,1707206400,1707214320,100
3319,Recuperaci� IP - Exercici 3  (1 punt),141,1707206400,1707214320,100
3320,Recuperaci� IP - Exercici 2  (1.5 punts),141,1707206400,1707214320,100
3321,Recuperaci� IP - Exercici 1  (1.5 punts),141,1707206400,1707214320,100
3440,Problema 1.1 - Hello world!!!,176,0,0,100
3441,Problema 1.2 - Hello world!!! ++,176,0,0,100
3444,Problema 3a.1: C�lcul edat,176,0,0,100
3445,Problema 3a.8: Conversi� d�lars a euros,176,0,0,100
3446,Problema 3a.11: Mitjana de notes,176,0,0,100
3447,Problema 3a.13: Conversi� Celsius a Fahrenheit,176,0,0,100
3448,Problema 3a.15: Expressions aritm�tiques amb divisions,176,0,0,100
3449,Problema 3a.17: Unitats de miler,176,0,0,100
3450,Problema 3a.2: Expressions booleanes,176,0,0,100
3451,Problema 3a.3: Operadors l�gics,176,0,0,100
3452,Problema 3a.4: Operadors l�gics (II),176,0,0,100
3453,Problema 3a.18: Inicials nom i cognom,176,0,0,100
3454,Problema 3a.20: Car�cters i codi ASCII,176,0,0,100
3455,Problema 3a.21: Expressions l�giques,176,0,0,100
3456,(OPCIONAL) Problema 3b.1: �s de l'interval?,176,0,0,100
3457,Problema 3b.2: Sumar un segon,176,0,0,100
3458,Problema 3b.10: Edat de treballar,176,0,0,100
3459,Problema 3b.12: Ordenar dos nombres,176,0,0,100
3460,(OPCIONAL) Problema 3b.3: Positiu o negatiu?,176,0,0,100
3461,Problema 3b.4: Vocal o Consonant?,176,0,0,100
3462,Problema 3b.14: Menor o major d'edat,176,0,0,100
3463,Problema 3b.17: Any de trasp�s,176,0,0,100
3464,"Problema 3b.5: Positiu, negatiu o zero?",176,0,0,100
3465,Problema 3b.6: C�lcul Salari,176,0,0,100
3466,Problema 3b.19: Edat i treball,176,0,0,100
3467,(OPCIONAL) Problema 3b.20: Iguals o diferents?,176,0,0,100
3468,Problema 3b.22: C�lcul del preu final,176,0,0,100
3469,Problema 3b.25: Nota acta,176,0,0,100
3470,Problema 3b.27: El m�s gran de quatre n�meros,176,0,0,100
3471,Problema 3b.7: Men� de tasques,176,0,0,100
3472,(OPCIONAL) Problema 3b.8: Vocal o consonant? (versi� 2),176,0,0,100
3473,Problema 3b.31: Canvi de divises,176,0,0,100
3474,(OPCIONAL) Problema 3b.33: Zod�ac xin�s,176,0,0,100
3475,Problema 3b.35: Morse,176,0,0,100
3476,Problema 3b.36: Data correcta,176,0,0,100
3477,(OPCIONAL) Problema 3b.37: Calculadora,176,0,0,100
3478,Problema 3c.1: Sumatori dels 10 primers valors enters,176,0,0,100
3479,(OPCIONAL) Problema 3c.2: Sumatori d'un nombre (do-while),176,0,0,100
3480,Problema 3c.8: Mitjana d'una seq��ncia,176,0,0,100
3481,Problema 3c.10: Seq��ncia de senars?,176,0,0,100
3482,Problema 3c.12: Rellotge digital,176,0,0,100
3483,Problema 3c.15: Calculadora multi-operaci�,176,0,0,100
3484,(OPCIONAL) Problema 3c.3: Sumatori dels 10 primers valors enters,176,0,0,100
3485,Problema 3c.4: Sumatori d'un nombre (while),176,0,0,100
3486,Problema 3c.17: Mitjana d'una seq��ncia (while),176,0,0,100
3487,(OPCIONAL) Problema 3c.19: Seq��ncia de senars? (while),176,0,0,100
3488,Problema 3c.20: M�xim i m�nim d'una seq��ncia,176,0,0,100
3489,(OPCIONAL) Problema 3c.22: Estad�stica de notes,176,0,0,100
3490,Problema 3c.23: �s primer?,176,0,0,100
3491,(OPCIONAL) Problema 3c.5: Sumatori dels 10 primers valors enters,176,0,0,100
3492,Problema 3c.6: Sumatori d'un nombre (for),176,0,0,100
3493,Problema 3c.26: S�ries num�riques,176,0,0,100
3494,Problema 3c.28: Positius i negatius,176,0,0,100
3495,"Problema 3c.30: Suma, producte i mitjana",176,0,0,100
3496,Problema 3c.32: Pot�ncies de 2 menors que N,176,0,0,100
3497,Problema 3c.16: Endevina un n�mero,176,0,0,100
3498,Problema 4.1: C�lcul de permutacions,176,0,0,100
3499,Problema 4.2: Valor aleatori,176,0,0,100
3500,(OPCIONAL) Problema 4.7: Centenes d'un nombre,176,0,0,100
3501,Problema 4.9: Pot�ncia d'un nombre,176,0,0,100
3502,Problema 4.11: Divisi� amb sumes i restes,176,0,0,100
3503,Problema 4.13: S�rie de Fibonacci,176,0,0,100
3504,(OPCIONAL) Problema 4.3: Alerta,176,0,0,100
3505,Problema 4.4: Dues xifres,176,0,0,100
3506,Problema 4.15: Men� calculadora,176,0,0,100
3507,Problema 4.17: Pot�ncies,176,0,0,100
3508,Problema 4.5: Divisi� entera,176,0,0,100
3509,Problema 4.6: Actualitzar hora,176,0,0,100
3510,(OPCIONAL) Problema: swap,176,0,0,100
3511,Problema 4.21: Divisi� amb sumes i restes (quocient i residu),176,0,0,100
3512,(OPCIONAL) Problema 4.23: Funci� m�xim i m�nim,176,0,0,100
3513,(OPCIONAL) Problema 4.24: Coordenades polars d'un punt,176,0,0,100
3514,Problema 4.26: Equacions quadr�tiques,176,0,0,100
3516,Problema 4.27: �rea de figures,176,0,0,100
3517,Problema 4.28: Moviment d'un punt en la pantalla,176,0,0,100
3518,Problema 5a.1: Declarar array unidimensional,176,0,0,100
3519,Problema 5a.2: Inicialitzar un array,176,0,0,100
3520,Problema 5a.3: Nombre d'aprovats,176,0,0,100
3521,Problema 5a.7: Declaraci� i inicialitzaci� d'arrays,176,0,0,100
3522,Problema 5a.8: Substituir negatius,176,0,0,100
3523,Problema 5a.8: Substituir negatius (c�pia),176,0,0,100
3524,(OPCIONAL) Problema 5a.10: Edat de comen�ar a caminar,176,0,0,100
3525,Problema 5a.12: M�xim d'un vector,176,0,0,100
3526,Problema 5a.14: Estad�stica de temperatures,176,0,0,100
3527,Problema 5a.4: Omplir array o acabar amb el zero,176,0,0,100
3528,Problema 5a.5: Vector ordenat en ordre creixent,176,0,0,100
3529,Problema 5a.15: Vector de nombres senars,176,0,0,100
3530,Problema 5a.17: Vector amb suma acumulada de 25?,176,0,0,100
3531,Problema 5a.19: Comparaci� d'arrays,176,0,0,100
3532,Problema 5a.6: Suma de vectors,176,0,0,100
3533,Problema 5a.20: Llibreria vectors.h,176,0,0,100
3534,Problema 5a.21: Llibreria vectors.h (2� part),176,0,0,100
3535,(OPCIONAL) Problema 5a.22: Estad�stica temperatures (modular),176,0,0,100
3536,Problema 5a.24: Histograma de temperatures,176,0,0,100
3537,Problema 5a.26: OrdenatDecreixent,176,0,0,100
3538,Problema 5a.28: BuscarPosicio,176,0,0,100
3539,Problema 5a.29: InversArray,176,0,0,100
3540,(OPCIONAL) Problema 5a.32: OrdenarVector,176,0,0,100
3541,Problema 5b.1: Introducci� als strings,176,0,0,100
3542,Problema 5b.2: Comparar cadenes,176,0,0,100
3543,(OPCIONAL) Problema 5b.4: Bon dia,176,0,0,100
3544,Problema 5b.7: TrobarCaracter,176,0,0,100
3545,Problema 5b.8: Majuscules,176,0,0,100
3546,Problema 5b.10: Palindrom,176,0,0,100
3547,Problema 5b.17: PrimerDiferent,176,0,0,100
3548,Problema 5c.1: Diagonal d'una matriu,176,0,0,100
3549,Problema 5c.2: Suma de matrius,176,0,0,100
3550,Problema 5c.3: Inicialitzaci� de matrius,176,0,0,100
3551,Problema 5c.4: Llibreria matrius.h,176,0,0,100
3552,Problema 5c.6: SumaValorsMatriu,176,0,0,100
3553,Problema 5c.9: SimetricaMatriu,176,0,0,100
3554,Problema 5c.15: ProducteMatrius,176,0,0,100
3555,Problema 5d.1: Creaci� TipusAlumne,176,0,0,100
3556,Problema 5d.3: Llibres preferits,176,0,0,100
3557,Problema 5d.4: Equips de futbol,176,0,0,100
3558,Problema 5d.2: Creaci� Array TipusAlumne,176,0,0,100
3559,Problema 5d.7: Tipus Poligon,176,0,0,100
3560,Problema 5d.8: Classificaci� de futbol,176,0,0,100
3564,Lliurament Pr�ctica 1: Brain Training,176,1728369000,1729029300,100
3565,Lliurament Pr�ctica 1: Brain Training,176,1728541800,1729202100,100
3567,Lliurament Pr�ctica 2: Duel de Pistolers,176,1728973800,1729634100,100
3568,Lliurament Pr�ctica 2: Duel de Pistolers,176,1729146600,1729806900,100
3573,Lliurament Pr�ctica 3 - 4: MasterMind,176,1729578600,1730847300,100
3799,Problema 1.1 - Hello world!!!,184,0,0,100
3800,Problema 1.2 - Hello world!!! ++,184,0,0,100
3801,Problema 3a.1: C�lcul edat,184,0,0,100
3802,Problema 3a.8: Conversi� d�lars a euros,184,0,0,100
3803,Problema 3a.11: Mitjana de notes,184,0,0,100
3804,Problema 3a.13: Conversi� Celsius a Fahrenheit,184,0,0,100
3805,Problema 3a.15: Expressions aritm�tiques amb divisions,184,0,0,100
3806,Problema 3a.17: Unitats de miler,184,0,0,100
3807,Problema 3a.2: Operadors relacionals,184,0,0,100
3808,Problema 3a.3: Operadors l�gics,184,0,0,100
3809,Problema 3a.4: Operadors l�gics (II),184,0,0,100
3810,"Problema 3a.18: Nom, cognom i edat",184,0,0,100
3811,Problema 3a.20: Car�cters i codi ASCII,184,0,0,100
3812,Problema 3a.21: Expressions l�giques,184,0,0,100
3813,(OPCIONAL) Problema 3b.1: �s de l'interval?,184,0,0,100
3814,Problema 3b.2: Sumar un segon,184,0,0,100
3815,Problema 3b.10: Edat de treballar,184,0,0,100
3816,Problema 3b.12: Ordenar dos nombres,184,0,0,100
3817,(OPCIONAL) Problema 3b.3: Positiu o negatiu?,184,0,0,100
3818,Problema 3b.4: Vocal o Consonant?,184,0,0,100
3819,Problema 3b.14: Menor o major d'edat,184,0,0,100
3820,Problema 3b.17: Any de trasp�s,184,0,0,100
3821,"Problema 3b.5: Positiu, negatiu o zero?",184,0,0,100
3822,Problema 3b.6: C�lcul Salari,184,0,0,100
3823,Problema 3b.19: Edat i treball,184,0,0,100
3824,(OPCIONAL) Problema 3b.20: Iguals o diferents?,184,0,0,100
3825,Problema 3b.22: C�lcul del preu final,184,0,0,100
3826,Problema 3b.25: Nota acta,184,0,0,100
3827,Problema 3b.27: El m�s gran de quatre n�meros,184,0,0,100
3828,Problema 3b.7: Men� de tasques,184,0,0,100
3829,(OPCIONAL) Problema 3b.8: Vocal o consonant? (versi� 2),184,0,0,100
3830,Problema 3b.31: Canvi de divises,184,0,0,100
3831,(OPCIONAL) Problema 3b.33: Zod�ac xin�s,184,0,0,100
3832,Problema 3b.35: Morse,184,0,0,100
3833,Problema 3b.36: Data correcta,184,0,0,100
3834,Problema 3b.37: Calculadora,184,0,0,100
3835,Problema 3c.1: Sumatori dels 10 primers valors enters,184,0,0,100
3836,(OPCIONAL) Problema 3c.2: Sumatori d'un nombre (while),184,0,0,100
3837,Problema 3c.8: Mitjana d'una seq��ncia,184,0,0,100
3838,(OPCIONAL) Problema 3c.10: Seq��ncia de senars?,184,0,0,100
3839,Problema 3c.12: M�xim i m�nim d'una seq��ncia,184,0,0,100
3840,Problema 3c.14: Rellotge digital,184,0,0,100
3841,(OPCIONAL) Problema 3c.16: Estad�stica de notes,184,0,0,100
3842,Problema 3c.17: Calculadora multi-operaci�,184,0,0,100
3843,Problema 3c.19: �s primer?,184,0,0,100
3844,(OPCIONAL) Problema 3c.3: Sumatori dels 10 primers valors enters,184,0,0,100
3845,Problema 3c.4: Sumatori d'un nombre (for),184,0,0,100
3846,Problema 3c.22: S�ries num�riques,184,0,0,100
3847,Problema 3c.24: Pot�ncies de 2 fins 2^N,184,0,0,100
3848,Problema 3c.25: Positius i negatius,184,0,0,100
3849,"Problema 3c.27: Suma, producte i mitjana",184,0,0,100
3850,Problema 4.1: Hashtags,184,0,0,100
3851,Problema 4.2: Canvi del format d'una data,184,0,0,100
3852,Problema 4.7: Subcadenes,184,0,0,100
3853,Problema 4.10: Cadena modificada,184,0,0,100
3854,(OPCIONAL) Problema 4.11: Zod�ac xin�s,184,0,0,100
3855,Problema 4.13: Dies de la setmana,184,0,0,100
3856,Problema 4.3: El sed�s d'Erat�stenes,184,0,0,100
3857,Problema 4.14: Llistes d'aprovats i suspesos,184,0,0,100
3858,(OPCIONAL) Problema 4.16: Partici� de llista,184,0,0,100
3859,Problema 4.17: Men� d'operacions sobre llistes,184,0,0,100
3860,(OPCIONAL) Problema 4.18: Llista de llistes,184,0,0,100
3861,Problema 4.4: Comptar vocals en un string,184,0,0,100
3862,Problema 4.5: Hi ha parells?,184,0,0,100
3863,Problema 4.20: Substituir negatius,184,0,0,100
3864,Problema 4.21: Maj�scules,184,0,0,100
3865,(OPCIONAL) Problema 4.23: Edat de comen�ar a caminar,184,0,0,100
3866,(OPCIONAL) Problema 4.25: M�xim d'una llista,184,0,0,100
3867,Problema 4.27: Estad�stica de temperatures,184,0,0,100
3868,Problema 4.28: Histograma de vocals,184,0,0,100
3869,(OPCIONAL) Problema 4.30: Hi ha espais?,184,0,0,100
3870,(OPCIONAL) Problema 4.32: Vector de nombres senars,184,0,0,100
3871,Problema 4.35: Llista ordenada creixent,184,0,0,100
3872,Problema 4.37: Llista amb suma acumulada de 25?,184,0,0,100
3873,Problema 4.38: Comparaci� de llistes,184,0,0,100
3874,(OPCIONAL) Problema 4.39: PrimerDiferent,184,0,0,100
3875,Problema 4.40: Palindrom,184,0,0,100
3876,Problema 4.41: Password correcte,184,0,0,100
3877,Problema 4.42: El joc del penjat,184,0,0,100
3878,Problema 5.1: C�lcul de combinacions,184,0,0,100
3879,Problema 5.2: Sumar un segon (funcions),184,0,0,100
3880,Problema 5.7: Centenes d'un nombre,184,0,0,100
3881,(OPCIONAL) Problema 5.9: Pot�ncia d'un nombre,184,0,0,100
3882,Problema 5.13: S�rie de Fibonacci,184,0,0,100
3883,Problema 5.21: Divisi� amb sumes i restes (quocient i residu),184,0,0,100
3884,(OPCIONAL) Problema 5.23: Funci� m�xim i m�nim,184,0,0,100
3885,Problema 5.26: Equacions quadr�tiques,184,0,0,100
3886,Problema 5.27: �rea de figures,184,0,0,100
3887,Problema 5.3: Alerta,184,0,0,100
3888,Problema 5.15: Men� calculadora,184,0,0,100
3889,(OPCIONAL) Problema 5.17: Pot�ncies,184,0,0,100
3890,Problema 5.4: Temps d'execuci�,184,0,0,100
3891,Problema 5.30: Suma de llistes,184,0,0,100
3892,Problema 5.32: Llibreria de llistes,184,0,0,100
3893,(OPCIONAL) Problema 5.33: Estad�stica temperatures (modular),184,0,0,100
3894,Problema 5.34: Histograma de temperatures,184,0,0,100
3895,(OPCIONAL) Problema 5.36: OrdenadaDecreixent,184,0,0,100
3896,(OPCIONAL) Problema 5.38: BuscarPosicio,184,0,0,100
3897,(OPCIONAL) Problema 5.39: LlistaInversa,184,0,0,100
3898,Problema 5.42: OrdenarLlista,184,0,0,100
3899,Problema 6.1: Escriure / Llegir fitxer,184,0,0,100
3900,Problema 6.2: Escriure fitxer mode 'afegir',184,0,0,100
3901,Problema 6.3: seek and tell,184,0,0,100
3902,Problema 6.5: Lectura l�nea a l�nea de text,184,0,0,100
3903,(OPCIONAL) Problema 6.7: Lectura de valors num�rics,184,0,0,100
3904,Problema 6.9: Lectura de dades estructurades,184,0,0,100
3905,(OPCIONAL) Problema 6.11: Escriptura taula de multiplicar,184,0,0,100
3906,Problema 6.13: Afegir dades a un fitxer amb format,184,0,0,100
3907,Problema 6.16: Codificar fitxer,184,0,0,100
3908,Problema 6.18: Buscar dades en fitxer,184,0,0,100
3909,Problema 7.1: Calculadora amb control d'errors,184,0,0,100
3911,Problema 7.3: Operador d'strings,184,0,0,100
3912,Problema 7.4: Lectura de fitxer,184,0,0,100
3962,"Lliurament Pr�ctica 1: Rock, Paper, Scissors, Lizard, Spock",184,1729585800,1730674500,100
